{
	"info": {
		"_postman_id": "e962231c-bcea-4438-a9b0-da6515b242fb",
		"name": "WebTechAsignment3",
		"schema": "https://schema.getpostman.com/json/collection/v2.1.0/collection.json"
	},
	"item": [
		{
			"name": "Index",
			"request": {
				"method": "GET",
				"header": [],
				"url": {
					"raw": "http://localhost:3000",
					"protocol": "http",
					"host": [
						"localhost"
					],
					"port": "3000"
				}
			},
			"response": []
		},
		{
			"name": "Show",
			"request": {
				"method": "GET",
				"header": [],
				"url": {
					"raw": "http://localhost:3000/:phone_id",
					"protocol": "http",
					"host": [
						"localhost"
					],
					"port": "3000",
					"path": [
						":phone_id"
					],
					"variable": [
						{
							"key": "phone_id",
							"value": "2"
						}
					]
				}
			},
			"response": []
		},
		{
			"name": "Create",
			"request": {
				"method": "POST",
				"header": [],
				"body": {
					"mode": "raw",
					"raw": "{\n    \"os\":\"OSX\",\n    \"brand\": \"Apple\",\n    \"model\" : \"Iphone X\",\n    \"image\": \"https://upload.wikimedia.org/wikipedia/commons/thumb/c/c4/Fairphone_3_modules_on_display.jpg/320px-Fairphone_3_modules_on_display.jpg\",\n    \"screensize\":5.12\n}",
					"options": {
						"raw": {
							"language": "json"
						}
					}
				},
				"url": {
					"raw": "http://localhost:3000",
					"protocol": "http",
					"host": [
						"localhost"
					],
					"port": "3000"
				}
			},
			"response": []
		},
		{
			"name": "Update",
			"request": {
				"method": "PUT",
				"header": [],
				"body": {
					"mode": "raw",
					"raw": "{\n    \"model\": \"Something Else\"\n}",
					"options": {
						"raw": {
							"language": "json"
						}
					}
				},
				"url": {
					"raw": "http://localhost:3000/:phone_id",
					"protocol": "http",
					"host": [
						"localhost"
					],
					"port": "3000",
					"path": [
						":phone_id"
					],
					"variable": [
						{
							"key": "phone_id",
							"value": "4"
						}
					]
				}
			},
			"response": []
		},
		{
			"name": "Destroy",
			"request": {
				"method": "DELETE",
				"header": [],
				"url": {
					"raw": "http://localhost:3000/:phone_id",
					"protocol": "http",
					"host": [
						"localhost"
					],
					"port": "3000",
					"path": [
						":phone_id"
					],
					"variable": [
						{
							"key": "phone_id",
							"value": "4"
						}
					]
				}
			},
			"response": []
		}
	]
}